data;receita;transacoes_blog;transacoes_site;usuarios_blog;usuarios_site
01/01/2019;349184;0;4693;0;46739
02/01/2019;867328;0;8501;0;83129
03/01/2019;758590;0;9375;0;86067
04/01/2019;688873;0;8405;0;69363
05/01/2019;441760;0;6136;0;56183
06/01/2019;539398;0;5762;0;50790
07/01/2019;703413;0;8072;0;73742
08/01/2019;884104;0;9455;0;84951
09/01/2019;911559;0;10152;0;80605
10/01/2019;946827;0;11294;0;87958
11/01/2019;744703;0;7899;0;77547
12/01/2019;618895;0;6195;0;60575
13/01/2019;498954;0;5379;0;54206
14/01/2019;843095;0;8343;0;79773
15/01/2019;828551;0;7777;0;87674
16/01/2019;796483;0;7653;0;82179
17/01/2019;629143;0;8028;0;75004
18/01/2019;713970;0;7218;0;79341
19/01/2019;479445;0;5342;0;58620
20/01/2019;331233;0;4985;0;50433
21/01/2019;386845;0;7048;0;76946
22/01/2019;586208;0;8035;0;78064
23/01/2019;854498;0;9162;0;84337
24/01/2019;974779;0;10090;0;75472
25/01/2019;722557;0;8120;0;69387
26/01/2019;572156;0;5834;0;53949
27/01/2019;517040;0;6051;0;53257
28/01/2019;897331;0;9266;0;77907
29/01/2019;959310;0;9866;0;83089
30/01/2019;1263161;0;13184;0;88170
31/01/2019;1129928;0;11791;0;75501
01/02/2019;1155090;0;11717;0;76085
02/02/2019;929449;0;10481;0;54903
03/02/2019;1057349;0;10568;0;59614
04/02/2019;1120520;0;12462;0;80780
05/02/2019;1170478;0;12160;0;80816
06/02/2019;990709;0;11988;0;80071
07/02/2019;962898;0;10502;0;76805
08/02/2019;1021590;0;10462;0;72480
09/02/2019;835828;0;8580;0;59205
10/02/2019;605392;0;7621;0;56802
11/02/2019;771338;0;11370;0;84427
12/02/2019;1114752;0;13181;0;91192
13/02/2019;1232609;0;12492;0;92555
14/02/2019;1340918;0;12798;0;96579
15/02/2019;1083209;0;9584;0;86576
16/02/2019;709844;0;7257;0;70871
17/02/2019;859162;0;7548;0;64710
18/02/2019;924714;0;9812;0;80844
19/02/2019;893083;0;10935;0;86537
20/02/2019;1114770;0;10437;0;88325
21/02/2019;1199628;0;10897;0;81851
22/02/2019;897779;0;9131;0;81359
23/02/2019;820628;0;7061;0;61120
24/02/2019;728770;0;6542;0;65802
25/02/2019;890689;0;8834;0;81724
26/02/2019;850192;0;9446;0;91442
27/02/2019;984379;0;9247;0;95283
28/02/2019;1181333;0;11436;0;96312
01/03/2019;1689589;0;15577;0;97690
02/03/2019;1183921;0;10403;0;82062
03/03/2019;884714;0;7585;0;66431
04/03/2019;1227557;0;11473;0;75510
05/03/2019;1216693;0;12020;0;74842
06/03/2019;1688251;0;16212;0;105136
07/03/2019;1877771;0;17793;0;108032
08/03/2019;2453247;0;24376;0;109411
09/03/2019;1745899;0;16392;0;90465
10/03/2019;1420865;0;16102;0;96319
11/03/2019;1862668;0;19160;0;107644
12/03/2019;2178276;0;19055;0;120040
13/03/2019;2900837;0;25699;0;134337
14/03/2019;2029349;0;19555;0;120227
15/03/2019;2452147;0;26785;0;122176
16/03/2019;1642667;0;16925;0;88687
17/03/2019;1584710;0;15895;0;90174
18/03/2019;2135950;0;21711;0;113991
19/03/2019;1893939;0;20770;0;109750
20/03/2019;1914114;0;20730;0;111409
21/03/2019;1522600;0;15624;0;106325
22/03/2019;1430428;0;15911;0;104350
23/03/2019;943218;0;9752;0;91828
24/03/2019;716056;0;9398;0;92235
25/03/2019;1213838;0;12283;0;116668
26/03/2019;1205152;0;13226;0;114290
27/03/2019;1057074;0;10367;0;120564
28/03/2019;1268130;0;11554;0;103030
29/03/2019;1083285;0;8945;0;88142
30/03/2019;888405;0;8307;0;81218
31/03/2019;1247581;0;10898;0;82335
01/04/2019;312978;0;4520;0;91724
02/04/2019;348485;0;5334;0;101358
03/04/2019;349013;0;5533;0;98181
04/04/2019;493957;0;5937;0;83562
05/04/2019;441234;0;5015;0;82464
06/04/2019;252490;0;3557;0;72588
07/04/2019;217872;0;3914;0;71946
08/04/2019;450556;0;5385;0;96892
09/04/2019;377667;0;5724;0;90240
10/04/2019;266642;0;4683;0;94851
11/04/2019;363959;0;5037;0;85805
12/04/2019;572299;0;7745;0;83253
13/04/2019;420450;0;6527;0;88173
14/04/2019;585911;0;7080;0;87968
15/04/2019;493451;0;8799;0;117790
16/04/2019;764866;0;9573;0;114544
17/04/2019;439002;0;7035;0;108914
18/04/2019;212199;0;5530;0;97960
19/04/2019;293353;0;4854;0;80786
20/04/2019;150838;0;4113;0;79685
21/04/2019;336256;0;4787;0;70927
22/04/2019;570197;0;7779;0;104084
23/04/2019;350483;0;7769;0;93751
24/04/2019;200765;0;4170;0;96233
25/04/2019;342116;0;5828;0;85562
26/04/2019;139264;0;16308;0;107228
27/04/2019;459356;0;7104;0;73538
28/04/2019;118375;0;4662;0;72828
29/04/2019;297918;0;6182;0;90371
30/04/2019;403697;0;8587;0;91159
01/05/2019;166459;0;7312;0;85362
02/05/2019;674865;0;10482;0;100083
03/05/2019;204324;0;8924;0;97420
04/05/2019;616437;0;8745;0;84213
05/05/2019;522526;0;8899;0;77995
06/05/2019;840616;0;14001;0;121700
07/05/2019;734281;0;14026;0;138056
08/05/2019;802813;0;14028;0;177564
09/05/2019;611125;0;11692;0;117820
10/05/2019;599933;0;11041;0;100265
11/05/2019;581066;0;9194;0;83939
12/05/2019;461656;0;7698;0;70571
13/05/2019;165028;0;9318;0;85737
14/05/2019;32085;0;10446;0;90697
15/05/2019;164982;0;9373;0;88901
16/05/2019;534306;0;10978;0;99556
17/05/2019;720529;0;13317;0;91960
18/05/2019;591383;0;9932;0;77114
19/05/2019;621726;0;10364;0;73228
20/05/2019;732041;0;12643;0;109176
21/05/2019;719290;0;12971;0;109070
22/05/2019;1167599;0;20166;0;130850
23/05/2019;546648;0;16279;0;115490
24/05/2019;512458;0;12726;0;93375
25/05/2019;431424;0;9169;0;72269
26/05/2019;397178;0;10011;0;83026
27/05/2019;635720;0;12902;0;109522
28/05/2019;548047;0;12944;0;102413
29/05/2019;752303;0;14737;0;100165
30/05/2019;956558;0;16488;0;100852
31/05/2019;1137526;0;17980;0;71314
01/06/2019;751575;0;9489;0;94226
02/06/2019;805682;0;9870;0;93038
03/06/2019;991577;0;15261;0;119902
04/06/2019;1300989;0;16397;0;130835
05/06/2019;1316867;0;15740;0;124250
06/06/2019;1116602;0;13585;0;135486
07/06/2019;1019468;0;11523;0;110003
08/06/2019;557021;0;8110;0;79649
09/06/2019;618378;0;8264;0;82786
10/06/2019;1004503;0;11321;0;111228
11/06/2019;932812;0;11493;0;109655
12/06/2019;1034004;0;11757;0;103438
13/06/2019;1331277;0;15222;0;99720
14/06/2019;1426065;0;14185;0;97931
15/06/2019;928345;0;10409;0;82388
16/06/2019;637417;0;8560;0;69316
17/06/2019;1116068;0;12971;0;113291
18/06/2019;1078072;0;21569;0;81611
19/06/2019;1152616;0;18023;0;72236
20/06/2019;907964;0;13907;0;62217
21/06/2019;846892;0;14562;0;68780
22/06/2019;718608;0;9885;0;53388
23/06/2019;576207;0;10774;0;59125
24/06/2019;814009;0;8894;0;72517
25/06/2019;766391;0;10004;0;75238
26/06/2019;863652;0;13051;0;82215
27/06/2019;1410403;0;19920;0;94364
28/06/2019;894113;0;14837;0;87989
29/06/2019;582721;0;7962;0;75159
30/06/2019;711290;0;9526;0;58075
01/07/2019;726732;0;9318;0;106093
02/07/2019;763589;0;10997;0;116328
03/07/2019;1086633;0;15438;0;131248
04/07/2019;957712;0;14950;0;124326
05/07/2019;1192166;0;22901;0;123090
06/07/2019;1033276;0;16069;0;117467
07/07/2019;658206;0;13844;0;110584
08/07/2019;843097;0;17833;0;118238
09/07/2019;1079432;0;21034;0;110779
10/07/2019;720706;0;19931;0;119234
11/07/2019;533362;0;11386;0;106024
12/07/2019;877009;0;11689;0;89519
13/07/2019;700244;0;9790;0;79769
14/07/2019;871302;0;45241;0;74057
15/07/2019;664360;0;15825;0;107960
16/07/2019;800295;0;10151;0;104575
17/07/2019;1218608;0;12897;0;111120
18/07/2019;1020791;0;12109;0;94492
19/07/2019;577510;0;9036;0;87627
20/07/2019;248155;0;6477;0;73768
21/07/2019;349618;0;6639;0;78426
22/07/2019;728261;0;16193;0;111362
23/07/2019;1015252;0;19522;0;113909
24/07/2019;941974;0;18577;0;104270
25/07/2019;685560;0;17216;0;108736
26/07/2019;939334;0;15536;0;118102
27/07/2019;751177;0;11299;0;99032
28/07/2019;813649;0;13996;0;90435
29/07/2019;716677;0;17219;0;134588
30/07/2019;1009566;0;17404;0;125950
31/07/2019;1596190;0;20648;0;121556
01/08/2019;884327;0;10029;0;108372
02/08/2019;987850;0;12672;0;104294
03/08/2019;665306;0;9631;0;79532
04/08/2019;891528;0;11888;0;89148
05/08/2019;1338501;0;17074;0;109232
06/08/2019;1132472;0;16447;0;111154
07/08/2019;1383564;0;21655;0;115426
08/08/2019;1599141;0;22618;0;111694
09/08/2019;1845309;0;27662;0;108957
10/08/2019;1241123;0;18084;0;72024
11/08/2019;1260588;0;18437;0;64599
12/08/2019;1081920;0;18719;0;80493
13/08/2019;838530;0;20253;0;81087
14/08/2019;930440;0;21243;0;88304
15/08/2019;749969;0;16648;0;84851
16/08/2019;735708;0;15793;0;77449
17/08/2019;637196;0;13982;0;62317
18/08/2019;880925;0;15377;0;55398
19/08/2019;1723783;0;17451;0;79675
20/08/2019;1784499;0;19647;0;86262
21/08/2019;1906332;0;19561;0;82871
22/08/2019;1554001;0;17691;0;76016
23/08/2019;1409764;0;18507;0;79373
24/08/2019;749102;0;11137;0;61288
25/08/2019;800365;0;11177;0;61093
26/08/2019;973429;0;13823;0;94391
27/08/2019;916672;0;13721;0;85341
28/08/2019;1559048;0;17660;0;108716
29/08/2019;1703787;0;18533;0;79948
30/08/2019;870503;0;13440;0;66878
31/08/2019;939955;0;11898;0;55257
01/09/2019;747279;0;11044;0;59031
02/09/2019;1173912;0;16566;0;90626
03/09/2019;809002;0;12871;0;83104
04/09/2019;1149516;0;16750;0;84742
05/09/2019;1425668;0;19880;0;81461
06/09/2019;1354081;0;19247;0;66522
07/09/2019;1111588;0;14683;0;51478
08/09/2019;1165369;0;15689;0;56746
09/09/2019;1306696;0;17835;0;80721
10/09/2019;1633184;0;17675;0;80945
11/09/2019;1804896;0;19638;0;106963
12/09/2019;1632393;0;18278;0;99265
13/09/2019;1594721;0;16544;0;69148
14/09/2019;1197948;0;12015;0;51707
15/09/2019;1310113;0;12896;0;50261
16/09/2019;1459059;0;17351;0;78642
17/09/2019;1848511;0;19789;0;85737
18/09/2019;2102144;0;24585;0;91949
19/09/2019;1611029;0;19554;0;91032
20/09/2019;1326164;0;16073;0;82985
21/09/2019;741668;0;14514;0;67376
22/09/2019;1047399;0;14002;0;68679
23/09/2019;1390564;0;15673;0;84891
24/09/2019;1320334;0;17367;0;95013
25/09/2019;1454560;0;17152;0;104832
26/09/2019;1400786;0;18814;0;93104
27/09/2019;1166639;0;14276;0;79360
28/09/2019;1038901;0;12338;0;69852
29/09/2019;1038277;0;14135;0;63329
30/09/2019;1505083;0;19698;0;92406
01/10/2019;845094;0;15676;0;84230
02/10/2019;997877;0;18054;0;96104
03/10/2019;888033;0;15709;0;90144
04/10/2019;888525;0;17560;0;97886
05/10/2019;524743;0;11686;0;73869
06/10/2019;691166;0;14243;0;66429
07/10/2019;896707;0;16045;0;87106
08/10/2019;829448;0;16312;0;97342
09/10/2019;934192;0;19195;0;112717
10/10/2019;1198736;0;18768;0;107194
11/10/2019;978657;0;16364;0;92961
12/10/2019;583509;0;10181;0;69470
13/10/2019;594046;0;10571;0;59537
14/10/2019;698475;0;10283;0;78865
15/10/2019;954107;0;12380;0;82799
16/10/2019;924195;0;12211;0;82728
17/10/2019;499869;0;7670;0;78239
18/10/2019;524192;0;9156;0;75731
19/10/2019;386609;0;6962;0;54427
20/10/2019;383324;0;7757;0;52429
21/10/2019;659465;0;11977;0;84247
22/10/2019;832852;0;12311;0;81410
23/10/2019;662704;0;14431;0;95726
24/10/2019;822838;0;12510;0;86859
25/10/2019;778212;0;10506;0;75347
26/10/2019;549434;0;7816;0;59342
27/10/2019;477383;0;7621;0;58182
28/10/2019;654782;0;10113;0;91747
29/10/2019;874287;0;14280;0;120941
30/10/2019;1151808;0;16648;0;110156
31/10/2019;1039763;0;15776;0;134988
01/11/2019;3418061;0;61099;0;192182
02/11/2019;2138781;0;42659;0;142339
03/11/2019;2120287;0;46218;0;136525
04/11/2019;3055080;0;44349;0;188527
05/11/2019;2782574;0;42378;0;184576
06/11/2019;2954588;0;39144;0;167960
07/11/2019;3734379;0;50602;0;230227
08/11/2019;3463743;0;56549;0;217563
09/11/2019;1872381;0;32005;0;150243
10/11/2019;2345916;0;38786;0;157908
11/11/2019;3184337;0;39547;0;178896
12/11/2019;2895841;0;35032;0;169122
13/11/2019;3118594;0;46547;0;172108
14/11/2019;3370391;0;50905;0;184094
15/11/2019;2716778;0;39278;0;205538
16/11/2019;1993332;0;29549;0;164011
17/11/2019;1927531;0;29971;0;132407
18/11/2019;2664462;0;36297;0;169592
19/11/2019;3442117;0;45597;0;185113
20/11/2019;3913645;0;54758;0;185904
21/11/2019;3621519;0;48295;0;179588
22/11/2019;3846843;0;47726;0;183291
23/11/2019;2474376;0;31274;0;148712
24/11/2019;2753986;0;33202;0;167736
25/11/2019;3046213;0;47714;0;182521
26/11/2019;3241900;0;46574;0;184642
27/11/2019;3836341;0;54377;0;205381
28/11/2019;8853976;0;126133;0;353792
29/11/2019;12266844;0;188955;0;369989
30/11/2019;5504745;0;81873;0;214274
01/12/2019;4708909;0;67975;0;192181
02/12/2019;4350550;0;66896;0;187135
03/12/2019;4858419;0;73886;0;215253
04/12/2019;5026122;0;75475;0;201123
05/12/2019;4365090;0;67296;0;162234
06/12/2019;3122019;0;45044;0;157849
07/12/2019;2027824;0;30535;0;117879
08/12/2019;1649391;0;26357;0;114653
09/12/2019;2385553;0;43613;0;150623
10/12/2019;2929236;0;45957;0;156936
11/12/2019;3522611;0;50195;0;160884
12/12/2019;2647684;0;41079;0;166008
13/12/2019;2520455;0;45342;0;154196
14/12/2019;1709134;0;24266;0;129015
15/12/2019;1439500;0;22222;0;121817
16/12/2019;1966800;0;33019;0;162512
17/12/2019;2575685;0;35611;0;168365
18/12/2019;1729099;0;35801;0;204709
19/12/2019;2006877;0;39449;0;142068
20/12/2019;1110453;0;17872;0;97975
21/12/2019;786872;0;12265;0;63549
22/12/2019;732012;0;10582;0;67245
23/12/2019;841704;0;13747;0;70177
24/12/2019;601619;0;8224;0;51262
25/12/2019;619924;0;9198;0;48538
26/12/2019;1083355;0;15360;0;74341
27/12/2019;1066637;0;14398;0;74430
28/12/2019;715590;0;12532;0;63029
29/12/2019;666719;0;10301;0;50660
30/12/2019;769048;0;13772;0;66250
31/12/2019;460630;0;8697;0;39510
01/01/2020;683982;0;7801;0;45826
02/01/2020;1379278;0;16740;0;83165
03/01/2020;810544;0;11653;0;82754
04/01/2020;635750;0;10112;0;54896
05/01/2020;386322;0;9243;0;51401
06/01/2020;791438;0;10455;0;72099
07/01/2020;625905;0;9534;0;73819
08/01/2020;326740;0;8440;0;66937
09/01/2020;590925;0;10688;0;69941
10/01/2020;660600;0;9529;0;65720
11/01/2020;498980;0;7227;0;32065
12/01/2020;430467;0;7270;0;26298
13/01/2020;937321;0;11576;0;55439
14/01/2020;1185714;0;12987;0;65670
15/01/2020;1182717;0;13310;0;70056
16/01/2020;1057334;0;11883;0;64098
17/01/2020;788870;0;10438;0;59515
18/01/2020;678906;0;7806;0;41250
19/01/2020;550153;0;7175;0;36934
20/01/2020;1013624;0;11286;0;64417
21/01/2020;1025684;0;12527;0;66458
22/01/2020;1318242;0;15569;0;68813
23/01/2020;1524284;0;16368;0;70986
24/01/2020;1298355;0;14485;0;61793
25/01/2020;1064119;0;12521;0;53280
26/01/2020;940036;0;11211;0;45696
27/01/2020;1127488;0;14351;0;76148
28/01/2020;1193287;0;15345;0;77251
29/01/2020;1515038;0;16369;0;74254
30/01/2020;1584050;0;15265;0;69066
31/01/2020;1385024;0;16034;0;62838
01/02/2020;914043;0;10368;0;44199
02/02/2020;1098480;0;11989;0;40996
03/02/2020;1216192;0;14080;0;64132
04/02/2020;1330583;0;14842;0;70889
05/02/2020;1936601;0;22273;0;68933
06/02/2020;2119490;0;22567;0;79817
07/02/2020;1775681;0;20767;0;76291
08/02/2020;1455606;0;16131;0;59357
09/02/2020;1125417;0;13621;0;51900
10/02/2020;1802860;0;20139;0;74017
11/02/2020;1944040;0;21843;0;89509
12/02/2020;1842231;0;22360;0;86874
13/02/2020;1926669;0;22235;0;84826
14/02/2020;1399985;0;18913;0;80374
15/02/2020;997701;0;12141;0;62366
16/02/2020;969608;0;11029;0;57944
17/02/2020;1253782;0;16205;0;75096
18/02/2020;1308335;0;17965;0;74468
19/02/2020;1391111;0;15259;0;64595
20/02/2020;1261399;0;14096;0;58970
21/02/2020;802010;0;10512;0;51716
22/02/2020;610285;0;8077;0;40339
23/02/2020;576451;0;7323;0;35665
24/02/2020;534000;0;8607;0;46915
25/02/2020;703749;0;9086;0;51016
26/02/2020;941342;0;12835;0;66937
27/02/2020;942069;0;13922;0;73768
28/02/2020;1428003;0;16418;0;76121
29/02/2020;994897;0;14894;0;60908
01/03/2020;918098;0;14608;0;56921
02/03/2020;1553460;0;18990;0;88399
03/03/2020;1586370;0;19943;0;89456
04/03/2020;1663222;0;19655;0;82294
05/03/2020;1642192;0;19239;0;89151
06/03/2020;1378802;0;17663;0;76902
07/03/2020;848621;0;12420;0;67501
08/03/2020;931694;0;12629;0;57931
09/03/2020;1270734;0;17516;0;103429
10/03/2020;1723610;0;20216;0;98875
11/03/2020;2682144;0;32467;0;183440
12/03/2020;2293221;0;27956;0;121214
13/03/2020;2050124;0;27470;0;113998
14/03/2020;1627842;0;20680;0;97533
15/03/2020;1320882;0;18224;0;98624
16/03/2020;1330053;0;17006;0;106680
17/03/2020;2058815;0;25266;0;135727
18/03/2020;1338909;0;14454;0;123314
19/03/2020;900173;0;11627;0;97309
20/03/2020;723096;0;9087;0;87819
21/03/2020;539155;0;8283;0;60714
22/03/2020;568502;0;7448;0;62076
23/03/2020;758627;0;11240;0;73543
24/03/2020;788503;0;16865;0;97419
25/03/2020;1277917;0;21190;0;104581
26/03/2020;1356012;0;20893;0;98529
27/03/2020;1209635;0;18954;0;97514
28/03/2020;1045984;0;17946;0;73746
29/03/2020;849548;0;14403;0;70720
30/03/2020;1342004;0;23193;0;91111
31/03/2020;2039370;0;31762;0;104998
01/04/2020;2068535;0;31434;0;128812
02/04/2020;2229991;0;33324;0;128689
03/04/2020;1594728;0;26164;0;117194
04/04/2020;1336280;0;19469;0;99266
05/04/2020;953421;0;17908;0;88720
06/04/2020;1633496;0;26829;0;128432
07/04/2020;2121715;0;29525;0;118765
08/04/2020;2251973;0;33500;0;124478
09/04/2020;2517745;0;34534;0;112515
10/04/2020;2235548;0;30952;0;114771
11/04/2020;1599594;0;25059;0;101382
12/04/2020;1135827;0;19651;0;93706
13/04/2020;2587881;0;38832;0;134009
14/04/2020;2832209;0;44837;0;140659
15/04/2020;2847044;0;39179;0;108480
16/04/2020;2086426;0;34319;0;115983
17/04/2020;1956898;0;31338;0;114956
18/04/2020;1432696;0;24059;0;105922
19/04/2020;1355339;0;24209;0;110477
20/04/2020;1856714;0;28569;0;138097
21/04/2020;1742853;0;29501;0;126140
22/04/2020;1876664;0;32153;0;127049
23/04/2020;2842515;0;44249;0;154109
24/04/2020;2343938;0;35345;0;132797
25/04/2020;1930170;0;32504;0;112752
26/04/2020;1174859;0;27931;0;122323
27/04/2020;1962697;0;31100;0;150274
28/04/2020;2058544;0;36782;0;152159
29/04/2020;2356260;0;37838;0;151652
30/04/2020;2181905;0;31250;0;149984
01/05/2020;1513947;0;29826;0;160675
02/05/2020;1219700;0;24413;0;152843
03/05/2020;944133;0;23393;0;138644
04/05/2020;1843662;0;37478;0;196648
05/05/2020;1982777;0;34422;0;183548
06/05/2020;1965368;0;30633;0;180495
07/05/2020;2082940;0;30185;0;151211
08/05/2020;1920905;0;26040;0;143727
09/05/2020;1592766;0;22126;0;110609
10/05/2020;1147704;0;18550;0;89043
11/05/2020;2457999;0;29562;0;136374
12/05/2020;2615746;0;34559;0;133629
13/05/2020;2601558;0;29276;0;131926
14/05/2020;2468970;0;30596;0;128546
15/05/2020;2333594;0;26544;0;109729
16/05/2020;1930961;0;22387;0;95526
17/05/2020;1458385;0;18753;0;86581
18/05/2020;2214192;0;30541;0;116325
19/05/2020;2500045;0;30311;0;120819
20/05/2020;2009544;0;25627;0;115855
21/05/2020;2023912;0;26038;0;117041
22/05/2020;1750830;0;20710;0;103372
23/05/2020;1480626;0;19567;0;84762
24/05/2020;1169042;0;15295;0;78181
25/05/2020;1678925;0;24019;0;114042
26/05/2020;2056627;0;30289;0;127628
27/05/2020;2944816;0;32761;0;141234
28/05/2020;2666364;0;31111;0;144696
29/05/2020;2694096;0;32421;0;122685
30/05/2020;2215956;0;25632;0;112932
31/05/2020;2122420;0;23495;0;107325
01/06/2020;2166784;301;29095;856;131209
02/06/2020;2325207;458;31840;697;157032
03/06/2020;2689781;435;33739;521;142649
04/06/2020;2458059;599;33464;1449;153545
05/06/2020;2461542;870;28136;1066;136153
06/06/2020;2600215;635;23918;1410;127392
07/06/2020;2644617;618;23591;891;145889
08/06/2020;2127807;1032;34159;1027;207499
09/06/2020;2208303;1110;33157;1948;217632
10/06/2020;2532191;1172;28811;1493;175545
11/06/2020;2477388;1185;25082;1874;151165
12/06/2020;2670025;932;17750;2179;127687
13/06/2020;2782525;1018;14549;1770;79160
14/06/2020;2391649;1625;13936;2732;97847
15/06/2020;2488997;1560;23391;2675;124267
16/06/2020;2452089;1443;21948;2874;129545
17/06/2020;2374885;1356;26727;2656;117706
18/06/2020;2512527;1807;27188;2885;112658
19/06/2020;2693101;1570;21805;3362;106369
20/06/2020;2888224;1580;20118;3085;90571
21/06/2020;3073605;1729;18745;3322;74498
22/06/2020;3068281;1840;19193;2991;99796
23/06/2020;3090753;1900;21933;3100;97003
24/06/2020;2982350;2015;21523;3707;98802
25/06/2020;3121056;2272;22595;4014;102292
26/06/2020;3412647;1987;23543;3921;101055
27/06/2020;3237617;2200;23408;4299;80578
28/06/2020;2979901;2152;12700;3353;64337
29/06/2020;3423960;2369;21985;3944;99111
30/06/2020;3121668;2820;25290;4405;100507
01/07/2020;3270011;2763;23678;4581;99599
02/07/2020;2925299;2829;21466;3915;101396
03/07/2020;2445790;2579;16940;4004;90090
04/07/2020;2139821;2623;16246;4634;76184
05/07/2020;2113402;3239;15054;4612;80003
06/07/2020;2954232;3193;22433;4777;96446
07/07/2020;3186048;3089;24847;5506;103344
08/07/2020;3362051;3298;24024;4910;113341
09/07/2020;3100886;3441;23146;5433;143451
10/07/2020;2771160;3542;20095;5080;109873
11/07/2020;2173965;2850;15255;5657;91205
12/07/2020;2002447;3319;15156;5698;84626
13/07/2020;3571990;3696;25656;6325;109822
14/07/2020;3537949;3845;24977;6322;123468
15/07/2020;3272407;3401;22755;5908;118697
16/07/2020;3649695;3739;28589;5619;118873
17/07/2020;2405101;3653;16476;6713;101818
18/07/2020;1840186;3961;13927;6174;84825
19/07/2020;2041331;4098;12175;6257;89369
20/07/2020;2757517;4111;18729;5933;108325
21/07/2020;3094987;4029;21081;7025;115157
22/07/2020;4262281;4097;27757;6412;136204
23/07/2020;3904827;4177;29264;6696;116926
24/07/2020;2703976;4183;17777;6786;100524
25/07/2020;2276201;4200;14821;7163;82886
26/07/2020;2011510;4925;13271;8123;85736
27/07/2020;2752601;4396;20747;7999;120842
28/07/2020;3152325;4515;22030;7763;131497
29/07/2020;3438640;4548;22510;7963;157366
30/07/2020;3449796;4650;24007;8307;146599
31/07/2020;2958610;4555;22419;7499;134024
01/08/2020;2226526;4617;15354;7906;103055
02/08/2020;2758237;5019;17230;8314;113692
03/08/2020;3711170;5586;25172;9730;158594
04/08/2020;3685070;5298;26465;9790;155236
05/08/2020;3354997;4740;23943;10381;136290
06/08/2020;3315023;4842;21771;10501;136686
07/08/2020;2282496;3221;16484;10456;144857
08/08/2020;1619291;2519;11088;8751;140843
09/08/2020;1704958;2391;10947;8728;113471
10/08/2020;2655296;3025;17809;11790;103929
11/08/2020;3243216;3257;24500;11427;109032
12/08/2020;3404659;3511;26276;12514;117914
13/08/2020;2889479;3186;23129;12067;98282
14/08/2020;2523376;3163;19427;10752;97872
15/08/2020;2063989;2966;15584;9034;89358
16/08/2020;2145982;3761;14894;10369;85858
17/08/2020;2992048;3770;22565;12281;107261
18/08/2020;3268901;3496;23865;12712;119540
19/08/2020;2992049;3837;21778;12640;109757
20/08/2020;2712676;3255;19343;11741;114587
21/08/2020;2468131;3093;17789;10241;111087
22/08/2020;1724645;2758;13167;9718;90325
23/08/2020;1414351;2005;10159;10503;81286
24/08/2020;2460346;2882;18306;11590;111391
25/08/2020;2738157;2638;19296;12023;108092
26/08/2020;2590392;3521;15376;10903;119168
27/08/2020;2651032;2014;15597;11028;115933
28/08/2020;4202601;2086;23715;11191;112145
29/08/2020;3699480;1863;21009;9871;100443
30/08/2020;3400766;2320;20445;10479;102764
31/08/2020;5663636;3726;35216;11895;129140
01/09/2020;4101081;3945;25472;13059;122145
02/09/2020;2727729;2661;18251;12032;116182
03/09/2020;2722274;2973;17706;11371;112383
04/09/2020;2480789;1896;16359;9144;101676
05/09/2020;1919889;1597;11391;8430;85971
06/09/2020;1650809;1342;11610;8821;79666
07/09/2020;2449649;1954;14032;9922;96895
08/09/2020;2784675;2372;16845;10691;111721
09/09/2020;3376713;2703;21067;10994;115833
10/09/2020;3330510;2617;18348;11596;108591
11/09/2020;2529372;1790;15821;10487;98418
12/09/2020;2152329;2068;12884;10308;83189
13/09/2020;2166849;2455;13320;10006;81642
14/09/2020;3886908;2897;24192;12090;121453
15/09/2020;3825491;3127;24819;11457;169683
16/09/2020;5614618;3013;32787;11973;155670
17/09/2020;5478052;3031;30930;11655;141141
18/09/2020;3489949;2101;22536;10586;128774
19/09/2020;2238474;1566;20679;9854;111836
20/09/2020;2345335;2144;17571;11056;106702
21/09/2020;2438044;2222;20264;11828;124799
22/09/2020;3250839;3969;26435;12573;139471
23/09/2020;4007509;3311;33601;10899;145956
24/09/2020;3648743;2379;22807;11700;130853
25/09/2020;3320034;1996;21578;10082;112163
26/09/2020;2509687;1580;15320;9292;96178
27/09/2020;2182679;1838;14135;10052;103494
28/09/2020;3496475;2684;21724;11224;127524
29/09/2020;4519732;3037;28017;11570;150116
30/09/2020;6240174;3848;38535;9685;150780
;;;;;
;;;;;
;;;;;
;;;;;
;;;;;
;;;;;
;;;;;
;;;;;
;;;;;
;;;;;
;;;;;
;;;;;
;;;;;
;;;;;
;;;;;
;;;;;
;;;;;
;;;;;
;;;;;
;;;;;
;;;;;
;;;;;
;;;;;
;;;;;
;;;;;
;;;;;
;;;;;
;;;;;
;;;;;
;;;;;
;;;;;
;;;;;
;;;;;
;;;;;
;;;;;
;;;;;
;;;;;
;;;;;
;;;;;
;;;;;
;;;;;
;;;;;
;;;;;
;;;;;
;;;;;
;;;;;
;;;;;
;;;;;
;;;;;
;;;;;
;;;;;
;;;;;
;;;;;
;;;;;
;;;;;
;;;;;
;;;;;
;;;;;
;;;;;
;;;;;
;;;;;
;;;;;
;;;;;
;;;;;
;;;;;
;;;;;
;;;;;
;;;;;
;;;;;
;;;;;
;;;;;
;;;;;
;;;;;
;;;;;
;;;;;
;;;;;
;;;;;
;;;;;
;;;;;
;;;;;
;;;;;
;;;;;
;;;;;
;;;;;
;;;;;
;;;;;
;;;;;
;;;;;
;;;;;
;;;;;
;;;;;
;;;;;
;;;;;
;;;;;
;;;;;
;;;;;
;;;;;
;;;;;
;;;;;
;;;;;
;;;;;
;;;;;
;;;;;
;;;;;
;;;;;
;;;;;
;;;;;
;;;;;
;;;;;
;;;;;
;;;;;
;;;;;
;;;;;
;;;;;
;;;;;
